Position,Type,Domain,URL,Domain AS,Backlinks,Search Traffic,SERP Features
1,Organic,nhatrangtoday.vn,https://nhatrangtoday.vn/tro-choi-team-building-post1354,35,2421,33118,
2,Organic,bitravel.vn,https://bitravel.vn/blog/detail/top-39-tro-choi-team-building-sang-tao-gan-ket-cho-doanh-nghiep,10,130,1230,
3,Organic,bluediamondretreat.com,https://bluediamondretreat.com/goi-y-14-tro-choi-team-building-khong-can-dao-cu/,30,431,13422,
4,Organic,cellphones.com.vn,https://cellphones.com.vn/sforum/tro-choi-team-building,74,617020,15626536,
5,Organic,vinacontrolce.vn,https://vinacontrolce.vn/tro-choi-team-building-trong-nha/,32,9644,31348,
6,Organic,misa.vn,https://amis.misa.vn/64666/tro-choi-team-building-ngoai-troi/,54,1803254,736884,
7,Organic,avakids.com,https://www.avakids.com/me-va-be/tro-choi-teambuilding-cho-tre-em-1501582,64,106345,2284764,
8,Organic,hoabinhtourist.com,https://hoabinhtourist.com/cam-nang-du-lich/tin-tuc/cac-tro-choi-team-building-khong-can-dao-cu,36,6618,52283,Sitelinks
9,Organic,fptshop.com.vn,https://fptshop.com.vn/tin-tuc/danh-gia/tro-choi-tap-the-169001,75,669644,12070145,
10,Organic,luxtour.com.vn,https://luxtour.com.vn/tro-choi-team-building/,27,19454,7091,
11,Organic,viet-power.vn,https://viet-power.vn/tro-choi-team-building-khong-can-dao-cu/,35,14191,32627,
12,Organic,happytime.vn,https://blog.happytime.vn/goi-y-40-tro-choi-team-building-ngoai-troi-giup-gan-ket-nhan-vien/,26,1863,3206,
13,Organic,hsvmedia.vn,https://hsvmedia.vn/top-tro-choi-team-building,10,9385,2314,
14,Organic,vplace.vn,https://vplace.vn/su-kien/tong-hop-nhung-tro-choi-team-building.html,21,2865,5979,
15,Organic,pystravel.vn,https://pystravel.vn/tin/6218-cac-tro-choi-team-building-bai-bien.html,41,28605,166398,
16,Organic,vietnambooking.com,https://www.vietnambooking.com/du-lich/team-building/cac-tro-choi-team-building-trong-nha.html,44,33921,255718,
17,Organic,luxevent.net,https://luxevent.net/tro-choi-team-building/,26,8932,5734,
18,Organic,vietrektravel.com,https://vietrektravel.com/tin-tuc/12684/Top-10-Tro-Choi-Team-Building-Tren-Bien-Cuc-Hap-Dan,34,10076,29055,
19,Organic,bluediamondretreat.com,https://bluediamondretreat.com/tro-choi-team-building-ngoai-troi-ket-noi-doi-nhom-cuc-vui/,30,431,13422,
20,Organic,vinwonders.com,https://vinwonders.com/vi/wonderpedia/news/tro-choi-team-building-tri-tue/,63,414968,2511912,
21,Organic,senxanhteambuilding.com,https://senxanhteambuilding.com/cac-tro-choi-team-building-trong-van-phong/,15,4048,2035,
22,Organic,danangevents.com.vn,https://danangevents.com.vn/top-cac-tro-choi-team-building-don-gian-doc-la-nhat-2024,24,1619,6922,
23,Organic,fastdo.vn,https://fastdo.vn/cac-tro-choi-team-building-trong-nha/,27,3256,15026,
24,Organic,newdaymedia.com.vn,https://newdaymedia.com.vn/kinh-nghiem-to-chuc-su-kien/to-chuc-tro-choi-team-building/,22,256,6938,
25,Organic,gonow.com.vn,https://gonow.com.vn/team-building-trong-nha/,31,1342,8811,
26,Organic,wetrek.vn,https://wetrek.vn/bai-viet-thanh-vien/tong-hop-30-tro-choi-cam-trai-team-building-thu-vi.htm,30,7294,45932,
27,Organic,hoabinhevents.com,https://hoabinhevents.com/top-cac-tro-choi-team-building-trong-nha-thu-vi-hap-dan,26,2878,6858,
28,Organic,vtourist.com.vn,https://vtourist.com.vn/teambuilding/vat-dung-va-tro-choi-trong-teambuilding/,29,8573,16399,
29,Organic,jumparena.vn,https://jumparena.vn/blogs/news/tro-choi-team-building-trong-nha,33,2827,57942,
30,Organic,lynntimes.com,https://lynntimes.com/lynntimesthanhthuy/tro-choi-team-building-trong-nha-5284/,27,3152,27698,
31,Organic,hanoiteambuilding.vn,https://www.hanoiteambuilding.vn/tim_hieu_teambuilding/10-tro-choi-teambuilding-hay.etv,17,2348,378,
32,Organic,dongphucbonmua.com,https://dongphucbonmua.com/100-tro-choi-team-building-hot-nhat-cho-doanh-nghiep/,33,18447,31449,
33,Organic,danangevents.com.vn,https://danangevents.com.vn/tro-choi-khoi-dong-team-building,24,1619,6922,
34,Organic,kynguyengroup.com,https://kynguyengroup.com/vi/tin-tuc/top-8-tro-choi-teambuilding-sieu-gan-ket/,12,1206,2896,
35,Organic,adavigo.com,https://www.adavigo.com/tin-tuc/nhung-tro-choi-teambuilding-vui-nhon-cho-doanh-nghiep-20304,20,862,2319,
36,Organic,vgoevent.com,https://vgoevent.com/tro-choi-team-building/,16,2672,2129,
37,Organic,viet-power.vn,https://viet-power.vn/tro-choi-team-building-ngoai-troi/,35,14191,32627,
38,Organic,vietnamworks.com,https://www.vietnamworks.com/hrinsider/cac-tro-choi-team-building.html,57,3311982,1064777,
39,Organic,vinalab.org.vn,https://vinalab.org.vn/trao-doi-kinh-nghiem/team-building-la-gi-top-50-tro-choi-teambuilding-cho-cac-to-chuc-co-quan-doanh-nghiep,25,744,13319,
40,Organic,bazantravel.com,https://bazantravel.com/tro-choi-team-building-doc-la/,36,29121,97295,
41,Organic,tanca.io,https://tanca.io/blog/29-tro-choi-team-building-vui-nhon-doc-dao-nhat-cho-dong-doi,34,304379,19006,
42,Organic,ohayo-onsen.com,https://ohayo-onsen.com/team-building-trong-nha/,28,921,38868,
43,Organic,fptshop.com.vn,https://fptshop.com.vn/tin-tuc/dien-may/cac-tro-choi-team-building-trong-nha-168250,75,669644,12070145,
44,Organic,misa.vn,https://amis.misa.vn/65285/tro-choi-team-building-trong-nha/,54,1803254,736884,
45,Organic,upo.edu.vn,https://upo.edu.vn/cung-tre-lon-khon/tro-choi-team-building-cho-tre-em.html,22,1238,12138,
46,Organic,hoabinhtourist.com,https://hoabinhtourist.com/cam-nang-du-lich/tin-tuc/tro-choi-team-building-ngoai-troi,36,6618,52283,
47,Organic,addevent.vn,https://addevent.vn/tiec-cuoi-nam/tro-choi-team-building-trong-nha/,25,1058,17568,
48,Organic,vietsmedia.com.vn,https://vietsmedia.com.vn/tro-choi-team-building-cho-doanh-nghiep-730.htm,8,143,86,
49,Organic,sukienvietsky.com,https://sukienvietsky.com/20-tro-choi-team-building-khuay-dong-tren-san-khau-vui-nhat,26,25133,2381,
50,Organic,nhatrang79.com,https://nhatrang79.com/tro-choi-team-building-atc.82,22,605,13607,
51,Organic,hanoiteambuilding.vn,https://www.hanoiteambuilding.vn/su_kien_tin_tuc/kinh-nghiem-to-chuc-teambuilding-theo-hinh-thuc-games-tram.etv,17,2348,378,
52,Organic,datviettour.com.vn,https://datviettour.com.vn/team-building/nhung-tro-choi-team-building-vui-nhon-day-hao-hung-phan-6,41,731239,136824,
53,Organic,thanhnien.vn,https://thanhnien.vn/hai-hung-nhung-tro-choi-team-building-goi-duc-vui-mot-chut-nhung-dang-ca-doi-1851485093.htm,87,8093419,12401004,
54,Organic,elitetour.com.vn,https://elitetour.com.vn/kinh-nghiem-du-lich/cac-tro-choi-team-building-ngoai-troi-vui-nhon-danh-cho-doan-cong-ty,26,36553,13159,
55,Organic,jumparena.vn,https://jumparena.vn/blogs/news/tro-choi-team-building,33,2827,57942,
56,Organic,imagetravel.vn,https://imagetravel.vn/goi-y-10-tro-choi-team-building-tri-tue/,16,1741,4722,
57,Organic,traicayvuongtron.vn,https://traicayvuongtron.vn/suc-khoe/top-12-tro-choi-teambuilding-vui-het-cho-che-tai-van-phong-p1881.html,25,8465,9525,
58,Organic,luxevent.vn,https://luxevent.vn/kinh-nghiem-to-chuc/tro-choi-team-building/,10,1146,690,
59,Organic,baosonparadise.vn,https://baosonparadise.vn/top-5-cac-tro-choi-team-building-don-gian-vui-nhon-sang-tao,39,3862,148189,
60,Organic,vietnambooking.com,https://www.vietnambooking.com/du-lich/team-building/hoat-dong-team-building.html,44,33921,255718,
61,Organic,pito.vn,https://in.pito.vn/tro-choi-teambuilding/,15,1567,35717,
62,Organic,pystravel.vn,https://pystravel.vn/tin/4549-top-5-tro-choi-teambuilding-vui-nhon-duoc-san-don.html,41,28605,166398,
63,Organic,kynguyengroup.com,https://kynguyengroup.com/vi/tin-tuc/dung-bo-qua-5-tro-choi-team-building-thu-vi-cho-thanh-vien-cong-ty/,12,1206,2896,
64,Organic,glints.com,https://glints.com/vn/blog/cac-tro-choi-team-building-trong-van-phong/,69,1840512,165895,
65,Organic,base.vn,https://base.vn/blog/team-building/,48,24139,280454,
66,Organic,outing.vn,https://outing.vn/chuyen-muc/tro-choi-team-building,21,698,3291,
67,Organic,vinwonders.com,https://vinwonders.com/vi/wonderpedia/news/tro-choi-tap-the/,63,414968,2511912,
68,Organic,vntrip.vn,https://www.vntrip.vn/cam-nang/tong-hop-nhung-tro-choi-team-building-doc-la-nhat-112944,42,49622,171873,
69,Organic,quantrimang.com,https://quantrimang.com/cuoc-song/tro-choi-team-building-trong-nha-170215,59,1449914,1338771,
70,Organic,tvevent.vn,https://tvevent.vn/cac-tro-choi-team-building-don-gian-de-dang-thuc-hien/,10,130,424,
71,Organic,senxanhteambuilding.com,https://senxanhteambuilding.com/cac-tro-choi-team-building-cho-gia-dinh-2/,15,4048,2035,
72,Organic,tiimtravel.vn,https://tiimtravel.vn/bai-viet/team-building-la-gi-top-10-tro-choi-giup-gan-ket-doi-nhom,24,30946,9298,
73,Organic,vietlinkevent.vn,https://vietlinkevent.vn/tro-choi-team-building/,19,1708,3305,
74,Organic,sukienachau.com,https://sukienachau.com/tro-choi-team-building/,27,1597,5486,
75,Organic,bazantravel.com,https://bazantravel.com/tro-choi-team-building-vui-nhon/,36,29121,97295,
76,Organic,jobsgo.vn,https://jobsgo.vn/blog/top-5-tro-choi-team-building-tri-tue-cho-doanh-nghiep/,49,186244,406253,
77,Organic,datviettour.com.vn,https://datviettour.com.vn/team-building/5-the-loai-tro-choi-thu-vi-thuong-duoc-dung-trong-teambuilding,41,731239,136824,
78,Organic,teambuildingvietnam.com.vn,https://www.teambuildingvietnam.com.vn/danh-muc/tro-choi/tro-choi-team-building/,11,2158,217,
79,Organic,luhanhliendaiduong.vn,https://luhanhliendaiduong.vn/cac-tro-choi-team-building-de-to-chuc-va-vui-nhon-nhat/,12,7247,27,
80,Organic,dulichhaisonviet.com,https://dulichhaisonviet.com/tin-tuc-du-lich/nhung-tro-choi-teambuilding-hay-nhat,18,389,85,
81,Organic,sokamedia.vn,https://sokamedia.vn/tai-lieu-top-30-tro-choi-team-building-don-gian-hap-dan-thu-vi/,12,285,1001,
82,Organic,luxtour.com.vn,https://luxtour.com.vn/tro-choi-khoi-dong-team-building/,27,19454,7091,
83,Organic,youtube.com,https://www.youtube.com/watch?v=bq9r1LYeuaE,100,29377196955,166295235,Video
84,Organic,google.com,https://sites.google.com/vietnambooking.com/hayhayhay/trang-chu/tro-choi-team-building-tri-tue,100,49523771821,117223541,
85,Organic,metaeventtravel.vn,https://metaeventtravel.vn/18-hoat-dong-va-tro-choi-lanh-dao-team-building-hang-dau.html,25,1877,3174,
86,Organic,happytime.vn,https://blog.happytime.vn/tro-choi-team-building-trong-nha/,26,1863,3206,
87,Organic,mmdidau.com,https://mmdidau.com/tong-hop-cac-tro-choi-team-building-thu-vi-cho-ban-lua-chon,16,88674,49,
88,Organic,youtube.com,https://www.youtube.com/@dulichocean7802/shorts,100,29377196955,166295235,
89,Organic,sukien-teambuilding.com,https://www.sukien-teambuilding.com/top-20-tro-choi-team-building-cho-tre-em-tri-tue-vui-nhon/,20,7714,1765,
90,Organic,viectop.com.vn,https://viectop.com.vn/kien-thuc-nghe-nhan-su/10-tro-choi-goi-y-cho-teambuilding-trong-nha-ngoai-troi.html,11,466,969,
91,Organic,boldwolf.com.vn,https://boldwolf.com.vn/tro-choi-team-building-ngoai-troi.html,15,181,213,
92,Organic,quangthangcatba.com,https://quangthangcatba.com/cac-tro-choi-team-building-ngoai-troi,16,3520,59697,
93,Organic,cybershow.vn,https://cybershow.vn/tro-choi-team-building/,15,850,4173,
94,Organic,balongevent.com,https://balongevent.com/list-50-cac-tro-choi-team-building-doc-la-va-thu-vi-f155750/,7,208,14,
95,Organic,glints.com,https://glints.com/vn/blog/cac-tro-choi-team-building/,69,1840512,165895,
96,Organic,cloudtour.vn,https://cloudtour.vn/an-choi/27-tro-choi-hoat-nao-teambuilding-ngoai-troi-doc-dao.html,18,693,1219,
97,Organic,advsolutions.vn,https://advsolutions.vn/tong-hop-tro-choi-teambuilding-hap-dan-nhat-hien-nay/,28,658,1964,
97,Image pack,adavigo.com,https://www.adavigo.com/tin-tuc/nhung-tro-choi-teambuilding-vui-nhon-cho-doanh-nghiep-20304,,,,
97,Image pack,bitravel.vn,https://bitravel.vn/blog/detail/top-39-tro-choi-team-building-sang-tao-gan-ket-cho-doanh-nghiep,,,,
97,Image pack,nhatrangtoday.vn,https://nhatrangtoday.vn/tro-choi-team-building-post1354,,,,
98,Organic,vietrektravel.com,https://vietrektravel.com/tin-tuc/12696/Top-10-Tro-Choi-Team-Building-Ngoai-Troi-Hap-Dan-Nhat,34,10076,29055,
99,Organic,luxevent.vn,http://luxevent.vn/kinh-nghiem-to-chuc/tro-choi-team-building-ngoai-troi/,10,1146,690,
